date,avg_temperature_c,total_rainfall_mm,avg_humidity_percent,sensor_reading_count
2026-01-01,31.721785714285716,1029.354,62.79545454545455,56
2026-01-02,32.630967741935486,1256.934,65.43636363636364,62
2026-01-03,28.153666666666666,1242.646,59.0,60
2026-01-04,38.08315789473684,1175.508,66.28846153846153,57
2026-01-05,36.395614035087725,1205.95,61.39622641509434,57
2026-01-06,31.157962962962962,1138.896,61.90384615384615,54
2026-01-07,32.04955223880597,1242.98,59.46666666666667,67
2026-01-08,30.575208333333332,956.7339999999999,70.23809523809524,48
2026-01-09,34.973684210526315,979.028,59.64705882352941,57
2026-01-10,37.80603773584906,1093.7839999999999,59.61702127659574,53
2026-01-11,33.89983050847457,1225.6299999999999,62.74545454545454,59
2026-01-12,29.02219512195122,938.066,58.270270270270274,41
2026-01-13,33.301,1185.594,59.91304347826087,50
2026-01-14,32.3625,1002.042,59.97674418604651,52
2026-01-15,32.04259259259259,880.612,66.16666666666667,54
2026-01-16,36.49655172413794,1204.302,61.470588235294116,58
2026-01-17,38.715862068965514,1375.3319999999999,63.716981132075475,58
2026-01-18,32.369166666666665,859.276,69.125,36
2026-01-19,30.932542372881354,1400.486,56.339622641509436,59
2026-01-20,34.49777777777778,1003.804,62.13725490196079,54
2026-01-21,29.49529411764706,1187.248,61.55813953488372,51
2026-01-22,30.869318181818183,960.938,63.891891891891895,44
2026-01-23,29.581,889.656,59.588235294117645,40
2026-01-24,29.901967213114755,1506.94,63.46,61
2026-01-25,34.83987012987013,1320.504,59.80597014925373,77
2026-01-26,30.89392857142857,1347.924,64.15094339622641,56
2026-01-27,39.30352941176471,836.568,62.775510204081634,51
2026-01-28,32.06333333333333,1103.182,64.51063829787235,51
2026-01-29,35.654074074074074,1221.702,63.04347826086956,54
2026-01-30,36.54596153846154,1364.656,60.391304347826086,52
2026-01-31,34.99718309859155,1403.312,65.90163934426229,71
2026-02-01,32.24737704918033,1557.132,61.01754385964912,61
2026-02-02,30.200535714285714,1190.714,65.53061224489795,56
2026-02-03,34.44016666666666,1115.952,59.464285714285715,60
2026-02-04,34.117636363636365,1081.086,63.333333333333336,55
2026-02-05,35.21950819672131,1336.378,65.47368421052632,61
2026-02-06,31.73179487179487,1041.958,61.57142857142857,39
2026-02-07,32.52035087719298,1021.548,59.301886792452834,57
2026-02-08,31.611929824561404,1167.08,58.627450980392155,57
2026-02-09,32.89267857142857,1152.158,58.32692307692308,56
2026-02-10,34.39981481481481,1185.466,67.28571428571429,54
2026-02-11,31.194634146341464,964.294,65.48717948717949,41
2026-02-12,36.426065573770494,1489.8799999999999,63.05084745762712,61
2026-02-13,31.49208333333333,973.944,57.390243902439025,48
2026-02-14,35.894814814814815,1129.31,63.11764705882353,54
2026-02-15,28.134150943396225,1247.618,61.270833333333336,53
2026-02-16,32.24944444444444,742.168,62.64705882352941,36
2026-02-17,29.846666666666668,924.99,62.54545454545455,51
2026-02-18,32.338297872340426,1106.654,64.76923076923077,47
2026-02-19,30.2475,1206.144,63.241379310344826,60
2026-02-20,32.401372549019605,1013.76,65.1304347826087,51
2026-02-21,35.39033333333334,1281.782,64.84905660377359,60
2026-02-22,36.87851851851852,1172.61,70.41666666666667,54
2026-02-23,34.900338983050844,1100.774,62.31372549019608,59
2026-02-24,33.00698412698413,1271.61,67.69090909090909,63
2026-02-25,37.157872340425534,802.704,65.72727272727273,47
2026-02-26,37.43762711864407,1362.392,62.0188679245283,59
2026-02-27,32.26921875,1463.802,65.98245614035088,64
2026-02-28,31.75671428571428,1472.862,60.516666666666666,70
2026-03-01,33.37145161290323,1325.864,59.56666666666667,62
2026-03-02,30.11032786885246,1323.504,63.271186440677965,61
2026-03-03,34.915,1089.99,60.26,56
2026-03-04,36.378461538461536,985.432,58.020833333333336,52
2026-03-05,31.08111111111111,1389.474,66.55932203389831,63
2026-03-06,33.423541666666665,838.486,59.51162790697674,48
2026-03-07,32.0159375,1221.224,59.98275862068966,64
2026-03-08,28.751785714285713,1180.158,62.94,56
2026-03-09,32.95622222222222,1001.066,58.06818181818182,45
2026-03-10,33.09722222222222,1052.026,63.55102040816327,54
2026-03-11,35.34825396825397,1383.446,63.516666666666666,63
2026-03-12,29.817241379310346,1310.028,59.79245283018868,58
2026-03-13,30.776326530612245,913.206,60.23913043478261,49
2026-03-14,33.51682926829268,1031.506,62.22857142857143,41
2026-03-15,32.59571428571429,1154.416,64.33333333333333,56
2026-03-16,35.24173913043479,980.486,61.348837209302324,46
2026-03-17,31.449137931034482,1204.108,61.23529411764706,58
2026-03-18,33.31450980392157,1082.838,67.20454545454545,51
2026-03-19,35.153333333333336,1198.808,64.3529411764706,54
2026-03-20,34.49,1126.042,58.645833333333336,52
2026-03-21,32.72048780487805,668.066,56.65714285714286,41
2026-03-22,28.907647058823528,1123.854,64.19565217391305,51
2026-03-23,31.24566037735849,931.8,64.5,53
2026-03-24,31.950000000000003,1182.5439999999999,62.22222222222222,57
2026-03-25,32.06979166666667,1296.02,62.45454545454545,48
2026-03-26,34.41207547169811,1162.44,60.5531914893617,53
2026-03-27,32.814237288135594,1309.572,63.49090909090909,59
2026-03-28,34.54190476190476,1337.318,65.14285714285714,63
2026-03-29,32.69945454545454,1217.394,66.09615384615384,55
2026-03-30,33.67333333333333,1040.7259999999999,66.14285714285714,48
2026-03-31,37.265,1133.5339999999999,57.1875,54
2026-04-01,28.77690909090909,970.352,58.93877551020408,55
2026-04-02,31.587083333333336,943.592,66.8936170212766,48
2026-04-03,31.87390625,1255.724,64.7,64
2026-04-04,32.8935593220339,1078.922,61.43396226415094,59
2026-04-05,37.944310344827585,1221.412,62.244897959183675,58
2026-04-06,34.54125,907.7099999999999,67.63636363636364,48
2026-04-07,29.06671875,1385.0339999999999,63.62068965517241,64
2026-04-08,29.743050847457624,1372.854,62.388888888888886,59
2026-04-09,31.01081967213115,1291.838,67.0,61
2026-04-10,32.568703703703704,1211.884,66.5625,54
2026-04-11,33.742881355932205,1264.108,62.56603773584906,59
2026-04-12,31.522222222222222,939.918,65.6829268292683,45
2026-04-13,35.277794117647055,1649.492,59.61290322580645,68
2026-04-14,33.19,1167.588,59.25925925925926,59
2026-04-15,36.487755102040815,1081.742,59.91489361702128,49
2026-04-16,31.936734693877554,1057.344,60.71111111111111,49
2026-04-17,32.6834,1293.546,64.44186046511628,50
2026-04-18,30.875833333333333,979.2099999999999,59.725,48
2026-04-19,34.2836,1054.632,56.76086956521739,50
2026-04-20,31.53708333333333,1004.014,61.18181818181818,48
2026-04-21,32.255833333333335,985.058,60.34146341463415,48
2026-04-22,32.87769230769231,1015.4499999999999,63.883720930232556,52
2026-04-23,31.6965,1290.456,63.113207547169814,60
2026-04-24,29.849272727272727,1111.178,69.06818181818181,55
2026-04-25,37.135,1082.088,63.34146341463415,46
2026-04-26,35.30134328358209,1787.87,62.10526315789474,67
2026-04-27,29.97617021276596,822.0,59.375,47
2026-04-28,31.307799999999997,976.4639999999999,62.77272727272727,50
2026-04-29,33.46313725490196,1099.724,60.93333333333333,51
2026-04-30,30.997115384615384,1113.31,67.57777777777778,52
2026-05-01,35.287592592592596,1156.384,56.142857142857146,54
2026-05-02,33.88,1058.31,59.64150943396226,56
2026-05-03,32.981489361702124,1041.094,61.69767441860465,47
2026-05-04,27.832222222222224,1410.686,61.490196078431374,54
2026-05-05,31.51892857142857,1046.964,61.7,56
2026-05-06,34.556538461538466,1122.22,64.63636363636364,52
2026-05-07,29.35982142857143,1361.49,63.57142857142857,56
2026-05-08,36.480357142857144,1057.358,59.81481481481482,56
2026-05-09,28.845438596491228,1098.272,63.979166666666664,57
2026-05-10,35.7382,1187.618,63.5625,50
2026-05-11,33.69266666666667,964.972,61.26190476190476,45
2026-05-12,30.047021276595746,1012.264,60.116279069767444,47
2026-05-13,31.27512195121951,721.424,58.36842105263158,41
2026-05-14,31.210943396226416,1136.716,59.78260869565217,53
2026-05-15,33.785636363636364,1155.98,59.76,55
2026-05-16,33.57706896551724,1098.614,58.94117647058823,58
2026-05-17,35.955535714285716,1278.874,64.9,56
2026-05-18,30.81685185185185,1309.528,66.26,54
2026-05-19,30.09093023255814,895.0360000000001,64.4,43
2026-05-20,30.384,735.7239999999999,60.42424242424242,35
2026-05-21,31.090576923076924,1197.69,68.0,52
2026-05-22,38.061521739130434,1047.876,73.53846153846153,46
2026-05-23,37.87056603773585,1270.3799999999999,62.0,53
2026-05-24,28.488163265306124,1059.056,64.17021276595744,49
2026-05-25,40.27454545454545,891.86,63.31707317073171,44
2026-05-26,29.515555555555554,1043.6,57.82608695652174,54
2026-05-27,34.38444444444444,1331.072,62.25,63
2026-05-28,33.83259259259259,1115.1,63.78431372549019,54
2026-05-29,36.47457627118644,1115.358,65.1,59
2026-05-30,33.830625000000005,1076.18,62.044444444444444,48
2026-05-31,30.02368421052632,807.694,66.375,38
2026-06-01,28.49,892.552,67.58333333333333,51
2026-06-02,32.256530612244894,1014.866,62.15909090909091,49
2026-06-03,30.837543859649124,1223.7,62.775510204081634,57
2026-06-04,31.788723404255318,1146.98,63.90909090909091,47
2026-06-05,29.743333333333336,1469.1019999999999,60.2,54
2026-06-06,35.47150943396226,1241.894,60.775510204081634,53
2026-06-07,31.513673469387758,1064.7,63.0,49
2026-06-08,32.61561403508772,1095.288,62.1764705882353,57
2026-06-09,31.614482758620692,1164.638,64.40384615384616,58
2026-06-10,30.00142857142857,768.762,64.47368421052632,42
2026-06-11,32.28762711864407,1196.864,62.163636363636364,59
2026-06-12,35.29872727272728,1417.1,59.40816326530612,55
2026-06-13,32.373877551020406,1172.398,62.638297872340424,49
2026-06-14,29.290892857142858,1234.326,62.0,56
2026-06-15,33.6651724137931,1172.014,62.0188679245283,58
2026-06-16,35.672127659574464,948.04,56.42857142857143,47
2026-06-17,37.37595744680851,923.4799999999999,60.02564102564103,47
2026-06-18,32.04603448275862,1293.65,62.88235294117647,58
2026-06-19,32.41461538461538,1390.054,64.50847457627118,65
2026-06-20,31.530512820512822,750.584,58.484848484848484,39
2026-06-21,29.969807692307693,1157.974,58.54545454545455,52
2026-06-22,31.081333333333337,1071.086,65.88679245283019,60
2026-06-23,34.60436363636364,1046.542,61.212765957446805,55
2026-06-24,36.65441860465116,1006.8439999999999,63.73684210526316,43
2026-06-25,36.12316666666666,1340.048,63.535714285714285,60
2026-06-26,29.177333333333333,897.4399999999999,64.63888888888889,45
2026-06-27,33.50839285714286,1110.356,63.129629629629626,56
2026-06-28,28.447027027027026,987.1039999999999,63.911764705882355,37
2026-06-29,33.529999999999994,1283.692,59.10526315789474,65
2026-06-30,37.40760869565217,939.918,63.170731707317074,46
2026-07-01,31.575,924.05,61.225,44
2026-07-02,33.61869565217391,1008.856,59.76744186046512,46
2026-07-03,28.832264150943395,1320.412,63.06976744186046,53
2026-07-04,31.79931034482759,1115.2,63.763636363636365,58
2026-07-05,34.9887037037037,1214.15,60.8,54
2026-07-06,34.77170212765957,805.27,64.97619047619048,47
2026-07-07,34.037200000000006,947.7339999999999,60.61702127659574,50
2026-07-08,28.437575757575758,1626.7839999999999,55.03125,66
2026-07-09,33.563050847457625,959.6959999999999,63.53703703703704,59
2026-07-10,34.8166037735849,1207.924,62.212765957446805,53
2026-07-11,35.94510638297872,907.654,58.41463414634146,47
2026-07-12,34.76603773584905,1022.278,63.25,53
2026-07-13,38.17595744680851,888.3779999999999,60.25581395348837,47
2026-07-14,34.40351851851852,1022.812,62.08163265306123,54
2026-07-15,33.1280487804878,805.882,54.114285714285714,41
2026-07-16,29.513898305084744,1142.264,58.85454545454545,59
2026-07-17,33.18566037735849,1272.216,63.191489361702125,53
2026-07-18,32.71125,847.1,61.5945945945946,40
2026-07-19,27.568936170212766,824.678,57.785714285714285,47
2026-07-20,30.435686274509806,1188.964,63.422222222222224,51
2026-07-21,35.93914893617021,1053.372,62.7,47
2026-07-22,31.767735849056606,978.4699999999999,60.875,53
2026-07-23,33.45246753246754,1676.46,65.55072463768116,77
2026-07-24,34.93439393939394,1277.0059999999999,65.52380952380952,66
2026-07-25,34.96685185185185,1098.34,59.42857142857143,54
2026-07-26,30.006326530612245,1103.07,64.15217391304348,49
2026-07-27,35.79469387755102,833.352,60.61702127659574,49
2026-07-28,38.71581395348837,830.9979999999999,62.13157894736842,43
2026-07-29,36.01828571428571,834.006,57.90909090909091,35
2026-07-30,33.7395918367347,1041.866,66.02173913043478,49
2026-07-31,35.81909090909091,1259.046,57.0,55
2026-08-01,30.42863636363636,1047.386,63.1219512195122,44
2026-08-02,28.044516129032257,1215.5819999999999,64.25925925925925,62
2026-08-03,32.955714285714286,1121.658,59.977777777777774,49
2026-08-04,35.89859375,1464.21,58.74576271186441,64
2026-08-05,34.07782608695652,1059.54,64.04878048780488,46
2026-08-06,27.574999999999996,1045.402,59.145833333333336,52
2026-08-07,36.59864406779661,1343.13,61.88461538461539,59
2026-08-08,36.03293103448276,1071.762,64.38461538461539,58
2026-08-09,34.00875,930.446,59.53658536585366,48
2026-08-10,32.192131147540984,1408.25,67.18518518518519,61
2026-08-11,34.2972463768116,1597.624,64.13333333333334,69
2026-08-12,38.71260869565217,1203.694,59.74418604651163,46
2026-08-13,30.252000000000002,1309.24,66.25862068965517,65
2026-08-14,29.310625,1371.944,59.69090909090909,64
2026-08-15,33.256037735849056,1386.408,62.54545454545455,53
2026-08-16,29.9815,930.298,57.75675675675676,40
2026-08-17,36.07377358490566,958.412,61.0,53
2026-08-18,32.07175438596491,1182.778,58.05769230769231,57
2026-08-19,29.256875,1452.616,62.473684210526315,64
2026-08-20,34.26673469387755,1225.066,61.34090909090909,49
2026-08-21,33.94592592592593,1163.344,57.9,54
2026-08-22,28.17309090909091,1271.014,59.26086956521739,55
2026-08-23,32.79135593220339,1185.634,66.11320754716981,59
2026-08-24,32.33452830188679,1008.64,61.36363636363637,53
2026-08-25,37.92415094339623,1162.752,62.645833333333336,53
2026-08-26,37.35458333333333,1014.524,55.41463414634146,48
2026-08-27,33.0878,1184.802,63.609756097560975,50
2026-08-28,33.04155172413793,1499.402,62.68518518518518,58
2026-08-29,30.60083333333333,1255.8139999999999,62.68181818181818,48
2026-08-30,32.364102564102566,824.914,59.421052631578945,39
2026-08-31,33.53818181818182,1073.168,61.787234042553195,55
2026-09-01,32.154411764705884,1399.988,60.87096774193548,68
2026-09-02,31.774363636363635,1303.554,60.924528301886795,55
2026-09-03,32.55612244897959,1089.924,64.9047619047619,49
2026-09-04,36.40384615384615,1101.194,66.27659574468085,52
2026-09-05,34.08619047619048,756.86,63.175,42
2026-09-06,31.775689655172414,1282.268,63.92156862745098,58
2026-09-07,37.517818181818186,1119.324,60.229166666666664,55
2026-09-08,32.5415,1131.1019999999999,61.01851851851852,60
2026-09-09,30.172199999999997,1159.61,58.38297872340426,50
